[{
  "title": "Exercitation est officia fugiat labore deserunt est id voluptate magna.",
  "content": "Fugiat incididunt ut excepteur ipsum velit. Deserunt esse commodo incididunt ex nulla ullamco qui irure eiusmod. Est adipisicing veniam id in cupidatat officia cillum aliqua do consectetur esse cupidatat."
}, {
  "title": "Enim nulla ullamco in minim.",
  "content": "Quis sint quis Lorem est dolor reprehenderit qui excepteur tempor. Et aute minim culpa irure. Nostrud nisi nostrud eu laborum aliqua deserunt excepteur labore. Exercitation minim laborum veniam duis reprehenderit irure laborum pariatur mollit magna. Ullamco dolor non veniam in cillum aliquip. Fugiat sint quis occaecat fugiat. Dolor occaecat elit culpa non eiusmod deserunt consectetur incididunt ullamco officia ullamco."
}, {
  "title": "Magna velit irure adipisicing ex magna irure eiusmod esse do non culpa quis.",
  "content": "Sint aliqua magna non eiusmod fugiat sit ut aliqua aliqua. Anim duis nisi est eu laboris fugiat. Cillum elit et velit est officia quis consectetur adipisicing mollit. Laboris deserunt veniam occaecat Lorem mollit ut ad nisi proident. Voluptate do culpa eiusmod Lorem id tempor consequat esse."
}, {
  "title": "Nostrud aute velit veniam amet labore officia aliquip adipisicing laboris.",
  "content": "Duis adipisicing aliqua dolor commodo velit est non occaecat. Et duis mollit esse cupidatat id ad eiusmod velit. Lorem aliqua nisi in commodo ut culpa id id officia cillum amet culpa. Consectetur adipisicing sit esse Lorem mollit Lorem mollit in cillum esse esse ullamco anim commodo. Reprehenderit minim fugiat id non. Dolor quis proident reprehenderit cupidatat reprehenderit laborum incididunt minim incididunt enim veniam qui."
}, {
  "title": "Quis aliquip tempor fugiat esse consectetur adipisicing ad tempor laborum incididunt deserunt.",
  "content": "Aliquip ipsum do elit consequat ex. Nulla enim excepteur ea sunt tempor ullamco ea qui Lorem aliquip exercitation et veniam nulla. Culpa non laboris elit eu nisi. Magna quis amet excepteur amet id consequat id velit dolor ex in fugiat. Exercitation consectetur officia ut incididunt excepteur laborum fugiat anim laboris."
}, {
  "title": "Cillum dolor fugiat officia eu.",
  "content": "Ullamco proident Lorem do aute pariatur est aliquip culpa dolore consectetur proident occaecat. Tempor enim proident commodo ad eiusmod eiusmod consectetur fugiat nostrud exercitation amet Lorem aliquip. Exercitation commodo mollit culpa incididunt amet irure exercitation minim eu."
}, {
  "title": "Nisi laboris anim ipsum ullamco Lorem magna velit est ex non tempor irure ut.",
  "content": "In incididunt irure id deserunt labore reprehenderit elit magna. Veniam dolore anim laboris incididunt elit aute. Occaecat nisi do mollit adipisicing consequat fugiat non do ut qui velit eu commodo sint. Sint elit anim voluptate veniam veniam dolore proident quis."
}, {
  "title": "Mollit aute enim qui nostrud et.",
  "content": "Lorem mollit nostrud ipsum officia adipisicing. Enim duis voluptate minim ex cillum. Ipsum reprehenderit tempor laboris commodo reprehenderit. Consequat deserunt enim do consectetur do eiusmod. Ea est in ad aliquip consequat commodo aliquip nulla. Deserunt ea id irure sint. Sit aliquip occaecat labore ad qui et proident velit sunt nostrud velit ad ex duis."
}, {
  "title": "Anim tempor sint voluptate voluptate sunt cillum.",
  "content": "Labore tempor aute voluptate minim ipsum sunt adipisicing qui cupidatat sit amet adipisicing in ea. Aute reprehenderit labore deserunt occaecat ex dolor cillum magna eiusmod ut consequat Lorem commodo. Minim occaecat deserunt voluptate do ex amet reprehenderit enim incididunt laboris."
}, {
  "title": "Reprehenderit ullamco id est ea qui est id sunt.",
  "content": "Eu culpa labore ex exercitation. Excepteur ex do irure sit cillum. Pariatur aute laborum esse ipsum anim in voluptate in veniam esse proident. Cupidatat sint sit consectetur cupidatat tempor eu culpa anim eu ullamco voluptate cillum occaecat. Do fugiat nostrud quis dolore ea non eiusmod culpa mollit exercitation."
}, {
  "title": "Occaecat pariatur ad occaecat officia labore sunt cupidatat laboris qui commodo fugiat elit.",
  "content": "Consectetur dolore veniam occaecat velit velit. Nostrud aliquip cillum laboris nostrud sint aliquip. Lorem pariatur qui aute nostrud qui veniam consequat eu anim consequat minim cupidatat. Labore nulla occaecat laborum enim dolore qui proident magna. Proident velit cupidatat officia deserunt aliquip officia est culpa quis magna. Non aute pariatur excepteur consequat et reprehenderit aliqua sunt enim culpa esse fugiat ea. Cupidatat ad voluptate ex ex in ex pariatur qui ipsum eiusmod."
}, {
  "title": "Non enim elit proident fugiat reprehenderit id tempor sint eiusmod sint esse cupidatat labore.",
  "content": "Eiusmod cupidatat mollit eu cupidatat cillum et culpa. Laboris nostrud pariatur eu commodo tempor tempor enim magna veniam amet dolor. Ipsum irure exercitation reprehenderit cillum nulla nulla aliqua. Amet veniam esse voluptate reprehenderit fugiat fugiat velit est laborum. Consectetur cupidatat mollit do cillum minim ut. Magna reprehenderit elit irure reprehenderit aute qui dolore in laboris reprehenderit aute."
}, {
  "title": "Lorem amet ipsum officia mollit sunt sint magna et Lorem et mollit.",
  "content": "Ipsum fugiat amet sit ex nulla pariatur magna ut ut. Occaecat officia ea minim eiusmod culpa consectetur pariatur irure fugiat commodo. Incididunt ad est ut mollit ad. Occaecat Lorem exercitation ullamco laborum nostrud."
}, {
  "title": "Ea aute cupidatat excepteur sit labore laboris commodo.",
  "content": "Reprehenderit adipisicing aute ipsum minim est consectetur culpa est. Cillum et excepteur aliquip ullamco. Non culpa commodo mollit sint excepteur eu irure ullamco commodo do irure commodo. Dolore enim reprehenderit laboris aliquip et aute ullamco velit adipisicing duis culpa qui dolor occaecat. Enim qui excepteur in enim. Do pariatur esse fugiat sunt do consectetur tempor aliquip excepteur. Cillum elit in ea Lorem nisi adipisicing cillum do eu non."
}, {
  "title": "Ipsum in exercitation sit eu ea Lorem aliquip excepteur.",
  "content": "Laborum qui elit enim dolore nulla ex est sunt quis officia pariatur magna. Est id sint magna deserunt tempor. Consectetur est incididunt eiusmod irure dolore commodo veniam proident exercitation ex ad. Id laborum ut ut minim consequat culpa est in ea Lorem ea officia do. Aliqua occaecat laboris proident Lorem nostrud labore exercitation sint officia ad anim anim adipisicing. Culpa sunt eiusmod ut cillum ea magna fugiat culpa. Eiusmod tempor laboris nisi sint do nostrud aliquip et cupidatat sint ea."
}, {
  "title": "Eu cillum et cillum nostrud anim reprehenderit eiusmod duis do.",
  "content": "Minim laborum tempor commodo mollit. Et deserunt incididunt voluptate anim et. Sit non anim aliqua non id est labore culpa in occaecat adipisicing. Fugiat esse consequat cupidatat excepteur velit et commodo nisi exercitation quis consequat. Officia aliquip non nulla velit qui ea sint."
}, {
  "title": "Fugiat dolor duis ullamco cupidatat proident aute exercitation id irure in magna.",
  "content": "Excepteur amet amet irure exercitation cillum laboris tempor culpa. Amet aliquip qui labore anim velit eiusmod proident enim anim. Officia do deserunt in do consectetur dolore reprehenderit ex dolore culpa eu commodo. Commodo ipsum aliquip quis amet aute in voluptate ipsum laboris id. Aliquip ipsum esse et ut Lorem reprehenderit culpa cupidatat dolor aliquip laborum irure quis. Tempor id dolore id fugiat elit aute. Dolore fugiat voluptate irure occaecat qui amet ut amet."
}, {
  "title": "Ullamco veniam minim dolor nulla proident ad pariatur cillum cupidatat amet officia.",
  "content": "Exercitation labore proident commodo et magna nulla nulla ut. Nisi et eu ad ex velit ipsum in sint do. Aliqua esse in proident elit anim non sunt."
}, {
  "title": "Est nisi enim anim magna.",
  "content": "Esse tempor pariatur non ut cillum consectetur esse pariatur et irure exercitation ex exercitation. Deserunt Lorem adipisicing consectetur officia ad ipsum fugiat proident culpa culpa aute et. Cupidatat incididunt ad incididunt aute. Ex sunt ea quis laboris anim est voluptate reprehenderit quis Lorem Lorem dolore pariatur quis."
}, {
  "title": "Nisi commodo excepteur eiusmod cupidatat commodo.",
  "content": "Sunt est elit cupidatat est labore aliquip voluptate est minim aliquip laborum eiusmod aute. Cupidatat cupidatat ipsum nostrud voluptate esse aute laborum esse sit laborum quis. Exercitation fugiat non officia aliqua laboris sit adipisicing sunt. Dolore qui aute minim ea. Quis qui non do est enim ex cupidatat irure fugiat nostrud proident anim magna magna. Aliqua dolore et nulla ad cupidatat enim sit sunt tempor. Nostrud laboris aute sit magna minim officia cupidatat velit anim in."
}, {
  "title": "Do id laboris consectetur do enim adipisicing ut dolor minim enim qui magna.",
  "content": "Veniam labore qui minim aliquip et excepteur anim. Amet aute aute cillum magna nisi. Commodo sit minim laboris Lorem Lorem qui occaecat voluptate consectetur in cupidatat eu ullamco."
}, {
  "title": "Officia aliquip velit quis aliquip elit est dolore aute ut laboris reprehenderit.",
  "content": "Labore labore eiusmod laborum sit nulla amet elit sint eu aliqua commodo ipsum est. Do veniam cupidatat aliquip ea Lorem consectetur ea voluptate nulla quis sunt anim. Anim occaecat id occaecat aliquip elit ut fugiat. Consequat quis proident sit occaecat excepteur anim exercitation irure aute laborum est incididunt magna ex. Ex duis deserunt id ea occaecat in commodo excepteur fugiat nulla dolore magna exercitation. Elit commodo anim quis anim non culpa excepteur aliqua fugiat sunt aliqua."
}, {
  "title": "Sint labore sit ex culpa ex nisi esse cupidatat est excepteur laboris.",
  "content": "Esse commodo tempor pariatur sint nisi esse deserunt qui excepteur. Cupidatat ex mollit mollit adipisicing ullamco dolor quis adipisicing. Adipisicing ad mollit reprehenderit magna sint cupidatat est enim. Eu laborum reprehenderit enim qui nisi. Nostrud quis deserunt cupidatat fugiat dolore. Exercitation deserunt incididunt elit pariatur anim id duis."
}, {
  "title": "Elit velit laboris nostrud ipsum adipisicing.",
  "content": "Consectetur excepteur pariatur dolore incididunt tempor sunt elit occaecat reprehenderit ipsum officia non ut. Qui adipisicing elit esse pariatur aute Lorem in esse aliquip ipsum irure reprehenderit quis. Nulla velit reprehenderit anim excepteur et laborum officia sit minim mollit commodo tempor deserunt et. Occaecat mollit mollit exercitation excepteur officia pariatur. Dolore aute qui ad cupidatat proident tempor magna laborum amet consectetur voluptate id."
}, {
  "title": "Cillum exercitation aute excepteur Lorem quis aute Lorem sunt.",
  "content": "Dolor tempor ipsum sunt aliquip dolor officia ea eiusmod nisi irure. Pariatur mollit cupidatat duis do non ea duis incididunt consequat sit deserunt. Cillum velit Lorem enim culpa non ex sunt reprehenderit dolore. Labore et deserunt excepteur non occaecat aute esse consectetur. Ea cupidatat laborum pariatur officia anim esse labore enim id qui cupidatat. Sunt cillum Lorem commodo cupidatat duis ad est minim. Nulla veniam irure in ullamco fugiat adipisicing elit."
}, {
  "title": "Veniam adipisicing nisi enim id ex pariatur.",
  "content": "Qui ut sint deserunt reprehenderit non. Id sint tempor sit irure tempor aute esse dolor nulla id eu. Aliqua incididunt amet laboris exercitation ut. Nisi Lorem officia ad nostrud excepteur aliqua amet ullamco magna et consequat mollit."
}, {
  "title": "Ullamco commodo irure ad aliquip aliqua officia dolor aute ipsum.",
  "content": "Dolor aliqua occaecat ea duis sit minim exercitation. Amet mollit esse irure in irure qui duis deserunt. Culpa irure deserunt sunt dolore labore et. Id ullamco voluptate tempor culpa veniam officia excepteur velit id velit. Pariatur eiusmod ullamco pariatur in labore ex mollit ea eu commodo. Sit deserunt mollit ea sit ex voluptate ex. Velit sint mollit mollit consequat adipisicing elit sit."
}, {
  "title": "Sunt pariatur nisi ipsum ullamco amet minim.",
  "content": "Dolore ex nisi aliquip eiusmod. Irure ut exercitation in officia ipsum eu adipisicing exercitation ea ullamco esse. Quis aliqua eu labore reprehenderit ea. Reprehenderit ea magna eiusmod eiusmod. Mollit duis officia in anim sunt do consequat culpa excepteur irure amet id. Sint tempor nulla labore nostrud minim. Laborum Lorem aliqua sunt nisi Lorem in minim id velit sint dolore consequat id."
}, {
  "title": "Enim exercitation commodo magna proident eu Lorem commodo ad ullamco aliqua culpa.",
  "content": "Magna consectetur est amet sint et deserunt non occaecat sint aliquip amet ullamco mollit exercitation. Mollit ea tempor excepteur qui cupidatat. Officia anim minim enim culpa ea velit aute incididunt do sunt incididunt enim."
}, {
  "title": "Dolor laboris eu cupidatat consequat pariatur excepteur consectetur laborum velit.",
  "content": "Irure in non officia excepteur laboris anim anim aliqua ex. Laborum esse velit proident velit nulla officia magna aute voluptate non est exercitation. Irure aliqua nostrud et sit cupidatat minim est id ipsum ex."
}, {
  "title": "Excepteur pariatur id deserunt cillum dolor quis excepteur voluptate voluptate esse irure pariatur quis.",
  "content": "Ad ex in eiusmod dolor ea qui magna in. Quis tempor reprehenderit sint laborum amet eu ut aliquip tempor est est laboris consequat occaecat. Consequat adipisicing esse do consectetur elit sit. In ipsum velit ullamco laboris eiusmod tempor duis do non incididunt velit. Incididunt ad aute dolore officia culpa enim irure aute esse ullamco deserunt sunt."
}, {
  "title": "Commodo labore occaecat minim do voluptate adipisicing mollit.",
  "content": "Tempor sit cillum sunt ex veniam excepteur amet aliquip velit magna. Sit in ad labore esse exercitation et nulla. Sunt occaecat minim reprehenderit quis ad laborum cillum nostrud. Ipsum reprehenderit officia nulla aliqua. Reprehenderit dolor officia incididunt dolor enim dolor sint laborum culpa. Eu non consectetur magna veniam magna irure. Cupidatat commodo sint aliquip laborum fugiat eiusmod laborum mollit mollit."
}, {
  "title": "Commodo culpa ea pariatur consectetur et commodo commodo.",
  "content": "Dolor do velit dolor pariatur reprehenderit fugiat laborum anim aute exercitation quis esse. Laborum ullamco consectetur sint quis aute voluptate quis. Sunt mollit dolore mollit esse. Cillum id deserunt enim exercitation. Velit aliquip reprehenderit nostrud enim et fugiat esse. Officia commodo velit consectetur ad dolore adipisicing deserunt proident est incididunt reprehenderit. Velit enim aute non et culpa cupidatat aute ipsum ex ea incididunt occaecat."
}, {
  "title": "Sunt pariatur ut qui nostrud.",
  "content": "Exercitation dolor ullamco veniam exercitation aliqua irure dolore sunt magna sit dolor veniam. Nisi duis adipisicing cupidatat minim id laborum nulla voluptate culpa velit enim eu id consectetur. Consequat mollit consectetur et fugiat magna. Proident minim sunt dolore nulla non aute aliqua nisi Lorem labore id quis ipsum. Aute anim anim ullamco elit deserunt ipsum qui. Velit incididunt quis consequat id minim id exercitation laborum."
}, {
  "title": "Exercitation aliquip nisi sunt exercitation duis nostrud eu.",
  "content": "Commodo esse eiusmod amet culpa quis eu in elit. Sit irure sint pariatur magna elit eiusmod elit esse exercitation excepteur commodo id id eu. Ad adipisicing ex aute tempor sunt amet sunt duis sunt qui. Amet veniam occaecat id tempor. Non elit incididunt excepteur laborum laborum adipisicing ex dolore non ex. Ut nisi elit ad eiusmod mollit. Lorem minim adipisicing eiusmod non culpa laboris."
}, {
  "title": "Cupidatat culpa anim nisi elit irure.",
  "content": "Officia aliqua adipisicing laborum Lorem voluptate laborum occaecat. Minim mollit amet eu minim do aute minim ullamco commodo sint est. Dolore sit anim quis mollit veniam Lorem irure. Duis sint ad ut culpa labore et ipsum in deserunt ipsum veniam."
}, {
  "title": "Amet sit ex elit est exercitation aliqua ullamco.",
  "content": "Voluptate incididunt ad eiusmod elit et excepteur velit aliquip do et aute magna nostrud commodo. Ad commodo duis et deserunt fugiat esse elit. Qui excepteur cillum esse occaecat proident deserunt excepteur et ea."
}, {
  "title": "Dolore laboris est quis elit irure consequat duis amet non ut dolor cillum dolore.",
  "content": "Aute deserunt laboris do tempor aliqua sunt qui culpa velit adipisicing amet. Lorem sit nostrud pariatur consequat nulla laboris. Cupidatat id aute commodo esse non do cupidatat minim sit esse officia voluptate. Voluptate sint in est quis irure elit id consectetur adipisicing nulla."
}, {
  "title": "Magna excepteur amet irure pariatur id nostrud.",
  "content": "Ad sunt consequat anim anim excepteur eu voluptate nostrud minim sit ipsum. Ex ut id minim ex do. Deserunt consectetur reprehenderit enim aliquip eiusmod. Ipsum et laboris ullamco id ex est dolore do qui. Ea pariatur veniam consequat irure culpa cupidatat quis nisi non sunt nulla nulla. Exercitation anim consectetur ullamco esse duis ut aliquip deserunt incididunt nulla ex ut consectetur. Quis elit voluptate consectetur quis enim veniam proident enim sunt ad adipisicing officia commodo."
}, {
  "title": "Commodo ullamco in laboris laborum sit in aute proident.",
  "content": "Voluptate deserunt Lorem irure cillum. Nulla qui qui id labore. Ea in excepteur adipisicing pariatur."
}, {
  "title": "Mollit nisi anim consectetur fugiat eiusmod qui esse elit pariatur in sint mollit ut qui.",
  "content": "Culpa esse magna cupidatat Lorem nostrud incididunt occaecat magna sint voluptate magna irure incididunt. Non Lorem aute do sunt proident veniam exercitation enim elit ex magna minim sunt. Laborum excepteur anim amet cillum velit cillum tempor officia exercitation quis officia aliqua pariatur et."
}, {
  "title": "Irure amet consequat ex incididunt nostrud proident nulla consectetur reprehenderit irure.",
  "content": "Pariatur minim aliquip commodo nisi commodo esse dolor excepteur minim dolor. Officia velit pariatur sint cillum qui voluptate incididunt. Occaecat eiusmod eu ullamco minim aliqua. Nostrud minim proident do deserunt sunt non dolor id ullamco amet excepteur aliquip nisi esse. Nostrud magna esse velit ea amet enim cillum adipisicing dolore excepteur dolor tempor."
}, {
  "title": "Tempor sint irure ea officia duis occaecat duis ad officia sit incididunt laboris.",
  "content": "Consectetur qui culpa eiusmod nostrud veniam adipisicing labore exercitation tempor fugiat veniam enim minim ut. Do ad sint id occaecat proident duis duis laboris ullamco ipsum. Laboris non officia magna fugiat incididunt ipsum velit aute. Nisi consequat aute eu Lorem. Minim ea occaecat nulla nostrud reprehenderit voluptate culpa id eu deserunt do. Labore pariatur adipisicing eu dolor et duis amet et consectetur eu dolor est eu et."
}, {
  "title": "Ex ex aute commodo excepteur deserunt duis tempor duis duis voluptate dolor et officia.",
  "content": "Deserunt elit reprehenderit reprehenderit est velit. Adipisicing aliquip adipisicing mollit sit elit aute. Enim incididunt exercitation proident culpa dolor ipsum dolor ullamco ut mollit enim. Ipsum non reprehenderit consectetur adipisicing occaecat irure eiusmod labore in mollit id culpa in. Irure eiusmod excepteur quis sint dolor ad nulla consectetur sunt pariatur id irure do eu. Sint aliquip id labore elit ullamco ipsum est incididunt anim cupidatat aliquip."
}, {
  "title": "Aute nisi anim velit sint commodo.",
  "content": "Sint aute et proident nulla labore sit deserunt nisi incididunt laboris qui voluptate esse duis. Nisi enim qui sint ut duis mollit. Occaecat anim ea quis dolor veniam et Lorem consequat id amet cillum esse. Qui in qui dolor fugiat velit qui esse dolor. Et fugiat ut sunt laboris occaecat labore labore aute id duis aliquip ipsum aute et."
}, {
  "title": "In labore ad qui velit ut quis pariatur.",
  "content": "Aliquip laborum in excepteur sunt sit velit do. Officia nostrud sint adipisicing nisi velit veniam ullamco mollit. Eiusmod amet enim labore deserunt veniam anim quis ad labore ullamco laborum et. Laboris nulla dolor reprehenderit dolor ullamco quis velit eiusmod in veniam sit ad aute. Proident magna in ullamco nulla ex non in pariatur qui minim ea tempor aliqua deserunt."
}, {
  "title": "Eiusmod culpa adipisicing occaecat laborum sunt proident esse minim tempor enim officia ut.",
  "content": "Culpa velit aliquip exercitation enim veniam occaecat. Ullamco velit mollit mollit adipisicing proident. Fugiat voluptate exercitation nisi officia occaecat ea irure magna laboris commodo nulla. Dolor mollit commodo duis aliquip commodo eu enim voluptate excepteur eiusmod dolore excepteur elit mollit. Ad ullamco et elit dolor in mollit proident tempor officia incididunt dolor esse. Duis ipsum sit sit nulla ex reprehenderit nisi fugiat commodo nostrud labore irure est. Elit cillum id eu occaecat sunt aliquip anim aute."
}, {
  "title": "Laborum laborum cupidatat esse ut occaecat sint est magna dolore do reprehenderit dolore enim.",
  "content": "Sint aute incididunt ex amet eiusmod exercitation. Consequat incididunt aute Lorem sint ullamco sunt voluptate nisi tempor minim nostrud velit mollit reprehenderit. Nostrud proident incididunt adipisicing duis culpa."
}, {
  "title": "Aute velit eu reprehenderit ullamco non adipisicing exercitation eiusmod ea quis occaecat aliquip duis nulla.",
  "content": "Sint consectetur non culpa deserunt cupidatat dolore aliqua aliquip deserunt veniam. Ex veniam anim voluptate nostrud magna. Adipisicing elit sunt in minim proident cillum anim aliqua amet eiusmod est elit. Dolore excepteur est ipsum nulla pariatur. Dolor occaecat elit cillum consectetur do ea eiusmod nulla eu adipisicing."
}, {
  "title": "Est eiusmod dolor veniam aliquip proident.",
  "content": "Velit nisi anim aliquip ad nisi voluptate quis excepteur deserunt consequat. Est fugiat cupidatat anim irure dolor aliqua. Commodo laborum tempor non incididunt duis laborum cillum labore adipisicing ipsum adipisicing veniam enim."
}]
