{
    "swagger": "2.0",
    "info": {
        "description": "This is a sample swagger",
        "title": "Swagger Example API",
        "termsOfService": "http://swagger.io/terms/",
        "contact": {
            "name": "API Support",
            "url": "http://www.swagger.io/support",
            "email": "support@swagger.io"
        },
        "license": {
            "name": "Apache 2.0",
            "url": "http://www.apache.org/licenses/LICENSE-2.0.html"
        },
        "version": "1.0"
    },
    "host": "localhost:8585",
    "basePath": "/api/v1",
    "paths": {
        "/user": {
            "get": {
                "security": [
                    {
                        "ApiKeyAuth": []
                    }
                ],
                "description": "Get all user",
                "consumes": [
                    "application/json"
                ],
                "produces": [
                    "application/json"
                ],
                "summary": "Get all user",
                "responses": {
                    "200": {
                        "description": "OK",
                        "schema": {
                            "type": "array",
                            "items": {
                                "$ref": "#/definitions/model.User"
                            }
                        }
                    }
                }
            }
        }
    },
    "definitions": {
        "model.User": {
            "type": "object",
            "properties": {
                "id": {
                    "type": "string"
                },
                "password": {
                    "type": "string"
                },
                "roles": {
                    "type": "array",
                    "items": {
                        "type": "string"
                    }
                },
                "username": {
                    "type": "string"
                }
            }
        }
    },
    "securityDefinitions": {
        "ApiKeyAuth": {
            "type": "apiKey",
            "name": "Authorization",
            "in": "header"
        }
    }
}